customer_id,customer_name,total_sales,order_count,avg_order_value
TA-21385,Tom Ashbrook,35668.14,65,548.74
GT-14710,Greg Tran,34471.90,74,465.84
TC-20980,Tamara Chand,34218.28,59,579.97
SM-20320,Sean Miller,31125.34,39,798.09
BW-11110,Bart Watters,30613.63,81,377.95
HL-15040,Hunter Lopez,29664.26,47,631.15
SE-20110,Sanjit Engle,29532.63,75,393.77
PS-19045,Penelope Sewall,29252.33,72,406.28
RB-19360,Raymond Buch,29197.65,65,449.19
ZC-21910,Zuschuss Carroll,28472.81,84,338.96
CC-12370,Christopher Conant,28229.86,55,513.27
SP-20920,Susan Pistek,28124.21,60,468.74
NF-18385,Natalie Fritzler,28044.37,65,431.45
PF-19120,Peter Fuller,27993.07,66,424.14
FH-14365,Fred Hopkins,27649.34,70,394.99
HM-14860,Harry Marie,27434.18,79,347.27
BE-11335,Bill Eplett,27158.02,94,288.92
AF-10870,Art Ferguson,26487.27,81,327.00
DR-12940,Daniel Raglin,25641.48,71,361.15
SC-20095,Sanjit Chand,25602.62,53,483.07
MY-18295,Muhammed Yedwab,25570.49,85,300.83
BM-11140,Becky Martin,25312.31,67,377.80
PO-18850,Patrick O'Brill,25274.52,97,260.56
EM-13960,Eric Murdock,25228.53,85,296.81
KD-16495,Keith Dawkins,24996.50,68,367.60
LB-16795,Laurel Beltran,24589.89,73,336.85
ME-17320,Maria Etezadi,24527.03,69,355.46
LA-16780,Laura Armstrong,24273.01,66,367.77
AM-10705,Anne McFarland,24218.55,71,341.11
JH-15820,John Huston,23586.74,68,346.86
BH-11710,Brosina Hoffman,23537.33,70,336.25
DB-13060,Dave Brooks,23476.93,54,434.76
BN-11470,Brad Norvell,23378.14,57,410.14
BF-11005,Barry Franz,23347.85,64,364.81
SW-20755,Steven Ward,23321.61,89,262.04
KD-16270,Karen Daniels,23204.27,62,374.26
TS-21370,Todd Sumrall,23201.69,57,407.05
JW-15220,Jane Waco,23103.73,61,378.75
AB-10105,Adrian Barton,22966.79,62,370.43
TP-21130,Theone Pippenger,22697.59,79,287.31
JL-15835,John Lee,22594.06,63,358.64
VG-21805,Vivek Grady,22573.38,54,418.03
KL-16645,Ken Lonsdale,22553.13,67,336.61
BS-11365,Bill Shonely,22551.03,60,375.85
LR-16915,Lena Radford,22434.09,56,400.61
SV-20365,Seth Vernon,22376.47,73,306.53
BF-11170,Ben Ferrer,22314.85,78,286.09
JE-15715,Joe Elijah,22275.30,74,301.02
Dp-13240,Dean percer,22225.63,72,308.69
DP-13165,David Philippe,22211.31,55,403.84
DJ-13420,Denny Joy,22142.43,58,381.77
JB-16000,Joy Bell-,22127.19,68,325.40
MP-18175,Mike Pelletier,22045.27,65,339.16
JG-15805,John Grady,22015.40,90,244.62
SC-20695,Steve Chapman,21931.06,63,348.11
JK-16090,Juliana Krohn,21918.73,75,292.25
PP-18955,Paul Prost,21884.19,72,303.95
CM-12385,Christopher Martinez,21882.99,51,429.08
EM-14140,Eugene Moren,21507.29,79,272.24
TB-21400,Tom Boeckenhauer,21376.00,68,314.35
AS-10225,Alan Schoenberger,21366.90,62,344.63
HG-14845,Harry Greene,21228.56,77,275.70
MC-17635,Matthew Clasen,21113.51,68,310.49
CA-11965,Carol Adams,21110.52,41,514.89
PO-18865,Patrick O'Donnell,21051.06,61,345.10
SB-20185,Sarah Brown,21034.49,59,356.52
RA-19915,Russell Applegate,20975.19,71,295.43
GZ-14470,Gary Zandusky,20869.68,58,359.82
JM-15865,John Murray,20841.96,66,315.79
JK-15730,Joe Kamberova,20825.92,69,301.82
BV-11245,Benjamin Venier,20681.69,53,390.22
MW-18220,Mitch Webber,20592.10,63,326.86
TS-21610,Troy Staebel,20565.94,75,274.21
CS-11845,Cari Sayre,20471.07,47,435.55
MF-18250,Monica Federle,20425.32,75,272.34
MM-17920,Michael Moore,20383.67,67,304.23
JF-15295,Jason Fortune-,20382.25,58,351.42
AH-10210,Alan Hwang,20365.77,66,308.57
SC-20230,Scot Coram,20333.88,60,338.90
MS-17365,Maribeth Schnelling,20317.01,68,298.78
EH-13765,Edward Hooks,20259.93,70,289.43
NM-18445,Nathan Mautz,20223.23,60,337.05
EB-13840,Ellis Ballard,20188.15,44,458.82
SS-20140,Saphhira Shifley,20138.59,68,296.16
CP-12340,Christine Phan,20109.49,63,319.20
CS-12460,Chuck Sachs,20084.21,56,358.65
GH-14425,Gary Hwang,20039.76,80,250.50
AB-10015,Aaron Bergman,20037.55,77,260.23
YC-21895,Yoseph Carroll,19998.08,51,392.12
JG-15160,James Galang,19963.42,65,307.13
NZ-18565,Nick Zandusky,19941.71,60,332.36
BG-11035,Barry Gonzalez,19899.16,66,301.50
DM-12955,Dario Medina,19862.57,57,348.47
JW-16075,Julia West,19852.77,53,374.58
JF-15565,Jill Fjeld,19844.15,60,330.74
AF-10885,Art Foster,19711.19,70,281.59
JE-15745,Joel Eaton,19629.14,70,280.42
OT-18730,Olvera Toch,19493.77,68,286.67
CR-12730,Craig Reiter,19487.96,58,336.00
RW-19540,Rick Wilson,19423.69,55,353.16
TC-21295,Toby Carlisle,19391.91,60,323.20
CJ-12010,Caroline Jumper,19356.01,54,358.44
KN-16390,Katherine Nockton,19350.18,55,351.82
MR-17545,Mathew Reese,19246.74,56,343.69
JS-16030,Joy Smith,19218.84,63,305.06
GK-14620,Grace Kelly,19215.77,57,337.12
NH-18610,Nicole Hansen,19181.95,63,304.48
DK-13090,Dave Kipp,19178.65,61,314.40
SP-20620,Stefania Perrino,19113.68,72,265.47
GT-14635,Grant Thornton,19080.36,39,489.24
RB-19795,Ross Baird,19056.89,72,264.68
NG-18430,Nathan Gelder,18970.44,49,387.15
PB-19210,Phillip Breyer,18967.67,61,310.95
DP-13105,Dave Poirier,18930.03,49,386.33
KC-16540,Kelly Collister,18897.16,46,410.81
JH-15985,Joseph Holt,18863.39,68,277.40
RO-19780,Rose O'Brian,18833.44,58,324.71
JL-15235,Janet Lee,18725.40,60,312.09
YS-21880,Yana Sorensen,18703.60,54,346.36
SB-20290,Sean Braxton,18538.54,37,501.04
DL-13315,Delfina Latchford,18505.60,65,284.70
CA-12265,Christina Anderson,18472.68,59,313.10
BM-11785,Bryan Mills,18446.82,68,271.28
TT-21460,Tonja Turnell,18432.01,71,259.61
TC-21145,Theresa Coyne,18419.99,63,292.38
AB-10060,Adam Bellavance,18416.57,57,323.10
RB-19330,Randy Bradley,18359.77,70,262.28
CA-12775,Cynthia Arntzen,18350.48,49,374.50
DK-12895,Dana Kaydos,18340.64,53,346.05
BS-11380,Bill Stewart,18305.99,59,310.27
CD-11920,Carlos Daly,18296.77,62,295.11
JD-16150,Justin Deggeller,18281.87,54,338.55
JH-16180,Justin Hirsh,18267.01,62,294.63
PS-18970,Paul Stevenson,18222.40,63,289.24
QJ-19255,Quincy Jones,18192.93,44,413.48
AG-10900,Arthur Gainer,18174.16,65,279.60
KH-16690,Kristen Hastings,18158.48,76,238.93
MG-18145,Mike Gockenbach,18147.95,43,422.05
AH-10075,Adam Hart,18109.90,64,282.97
CB-12535,Claudia Bergmann,18108.67,66,274.37
DV-13045,Darrin Van Huff,18106.04,59,306.88
JJ-15760,Joel Jenkins,18103.68,62,291.99
VT-21700,Valerie Takahito,18099.32,61,296.71
ED-13885,Emily Ducich,18018.90,62,290.63
GD-14590,Giulietta Dortch,18005.02,49,367.45
CL-12700,Craig Leslie,17943.66,63,284.82
MW-18235,Mitch Willingham,17933.08,59,303.95
CM-12160,Charles McCrossin,17910.04,44,407.05
AD-10180,Alan Dominguez,17858.49,47,379.97
IM-15070,Irene Maddox,17854.13,68,262.56
JC-15340,Jasper Cacioppo,17836.32,62,287.68
ON-18715,Odella Nelson,17763.94,63,281.97
SC-20305,Sean Christensen,17696.73,55,321.76
AA-10480,Andrew Allen,17695.60,38,465.67
PK-19075,Pete Kriz,17668.94,63,280.46
BE-11455,Brad Eason,17643.52,64,275.68
CL-11890,Carl Ludwig,17622.42,48,367.13
TS-21505,Tony Sayre,17613.41,59,298.53
DK-12835,Damala Kotsonis,17590.56,68,258.68
BS-11755,Bruce Stewart,17557.45,71,247.29
BS-11665,Brian Stugart,17468.90,50,349.38
KA-16525,Kelly Andreada,17449.92,75,232.67
EH-14125,Eugene Hildebrand,17408.32,59,295.06
MS-17770,Maxwell Schwartz,17382.95,66,263.38
CR-12625,Corey Roper,17271.18,54,319.84
LT-16765,Larry Tron,17253.78,50,345.08
MP-17965,Michael Paige,17228.53,84,205.10
SR-20740,Steven Roelle,17220.19,53,324.91
HW-14935,Helen Wasserman,17199.19,56,307.13
RB-19465,Rick Bensley,17178.44,70,245.41
CC-12475,Cindy Chapman,17159.80,59,290.84
JA-15970,Joseph Airdo,17105.47,59,289.92
EM-14200,Evan Minnotte,17087.79,57,299.79
JF-15190,Jamie Frazer,17064.72,60,284.41
LC-16885,Lena Creighton,17058.81,51,334.49
DM-13345,Denise Monton,17054.88,47,362.87
CL-12565,Clay Ludtke,17008.16,65,261.66
JK-15325,Jason Klamczynski,17000.86,58,293.12
TS-21340,Toby Swindell,16997.04,66,257.53
FW-14395,Fred Wasserman,16972.75,59,287.67
VP-21760,Victoria Pisteka,16935.60,51,332.07
NC-18625,Noah Childs,16901.53,56,301.81
CM-11830,Cari MacIntyre,16828.83,54,311.65
CC-12610,Corey Catlett,16822.64,55,305.87
RA-19285,Ralph Arnett,16816.41,49,343.19
SC-20050,Sample Company A,16813.22,69,243.67
HG-14965,Henry Goldwyn,16810.70,63,266.84
SD-20485,Shirley Daniels,16802.08,74,227.06
DL-13330,Denise Leinenbach,16781.63,70,239.74
CD-12280,Christina DeMoss,16779.57,68,246.76
PO-19180,Philisse Overcash,16753.17,52,322.18
HD-14785,Harold Dahlen,16749.16,62,270.15
AM-10360,Alice McCarthy,16730.32,65,257.39
MB-17305,Maria Bertelson,16729.37,48,348.53
TB-21520,Tracy Blumstein,16716.78,72,232.18
JD-15895,Jonathan Doherty,16711.35,66,253.20
CS-12175,Charles Sheldon,16706.10,54,309.37
WB-21850,William Brown,16704.66,79,211.45
TB-21175,Thomas Boland,16573.60,60,276.23
EG-13900,Emily Grady,16562.35,35,473.21
BE-11410,Bobby Elias,16552.07,50,331.04
RD-19480,Rick Duston,16487.20,54,305.32
CK-12595,Clytie Kelty,16480.89,71,232.13
MD-17350,Maribeth Dona,16455.35,60,274.26
JP-15520,Jeremy Pistek,16429.04,64,256.70
KM-16375,Katherine Murray,16394.47,70,234.21
KB-16585,Ken Black,16385.78,64,256.03
MG-18205,Mitch Gastineau,16362.90,54,303.02
DW-13480,Dianna Wilson,16336.84,63,259.31
RD-19585,Rob Dowd,16315.12,69,236.45
JM-15655,Jim Mitchum,16294.72,68,239.63
KN-16450,Kean Nguyen,16294.71,54,301.75
EP-13915,Emily Phan,16283.37,65,250.51
AH-10690,Anna HŠberlin,16276.17,66,246.61
DK-13375,Dennis Kane,16258.54,61,266.53
GW-14605,Giulietta Weimer,16239.49,43,377.66
ES-14080,Erin Smith,16236.02,58,279.93
MG-17695,Maureen Gnade,16221.63,59,274.94
MS-17980,Michael Stewart,16210.56,64,253.29
AS-10285,Alejandro Savely,16179.86,53,305.28
DC-13285,Debra Catini,16164.64,48,336.76
AC-10450,Amy Cox,16126.40,29,556.08
SC-20380,Shahid Collister,16122.71,77,209.39
LR-17035,Lisa Ryan,16118.96,60,268.65
RP-19390,Resi Pšlking,16114.90,70,230.21
DB-13405,Denny Blanton,16083.97,49,328.24
RM-19375,Raymond Messe,16077.68,48,334.95
MG-17680,Maureen Gastineau,16061.68,61,263.31
PF-19165,Philip Fox,16018.85,57,281.03
DK-13150,David Kendrick,15983.73,39,409.84
PS-18760,Pamela Stobb,15926.55,58,274.60
AP-10915,Arthur Prichep,15877.87,69,230.11
DL-13495,Dionis Lloyd,15872.18,46,345.05
HA-14905,Helen Abelman,15826.86,52,304.36
BB-11545,Brenda Bowman,15797.58,57,277.15
VW-21775,Victoria Wilson,15785.37,57,276.94
GM-14440,Gary McGarr,15782.47,47,335.80
SS-20410,Shahid Shariari,15759.50,50,315.19
KT-16465,Kean Takahito,15725.03,69,227.90
MM-17260,Magdelene Morse,15713.72,53,296.49
TT-21070,Ted Trevino,15673.05,61,256.94
DM-13015,Darrin Martin,15626.52,54,289.38
SA-20830,Sue Ann Reed,15622.39,52,300.43
FO-14305,Frank Olsen,15614.21,71,219.92
LP-17095,Liz Preis,15598.14,62,251.58
JM-15250,Janet Martin,15594.46,54,288.79
MV-18190,Mike Vittorini,15577.04,48,324.52
MD-17860,Michael Dominguez,15575.67,47,331.40
SW-20275,Scott Williamson,15564.97,58,268.36
SO-20335,Sean O'Donnell,15534.95,51,304.61
RA-19885,Ruben Ausman,15435.51,63,245.01
DJ-13510,Don Jones,15420.30,69,223.48
AG-10495,Andrew Gjertsen,15380.34,62,248.07
BP-11185,Ben Peterman,15376.02,55,279.56
AP-10720,Anne Pryor,15362.06,52,295.42
MJ-17740,Max Jones,15347.66,53,289.58
AA-10645,Anna Andreadi,15343.90,73,210.19
KH-16510,Keith Herrera,15340.41,65,236.01
NW-18400,Natalie Webber,15326.82,60,255.45
KW-16435,Katrina Willman,15320.00,47,325.96
AR-10825,Anthony Rawles,15311.04,59,259.51
DO-13435,Denny Ordway,15280.89,58,263.46
LS-17200,Luke Schmidt,15258.75,54,282.57
SV-20935,Susan Vittorini,15197.70,60,253.30
SZ-20035,Sam Zeldin,15192.42,69,220.18
AJ-10780,Anthony Jacobs,15186.07,52,292.04
KF-16285,Karen Ferguson,15164.85,40,379.12
RF-19840,Roy Franzšsisch,15077.48,66,228.45
MC-17425,Mark Cousins,15055.41,61,246.81
KH-16330,Katharine Harms,15045.65,47,320.12
JM-15265,Janet Molinari,15036.55,69,217.92
AS-10090,Adam Shillingsburg,15009.46,64,234.52
RR-19525,Rick Reed,15009.28,54,277.95
ML-17410,Maris LaWare,14981.71,55,272.39
MC-17845,Michael Chen,14947.88,58,257.72
BM-11650,Brian Moss,14920.99,64,233.14
RL-19615,Rob Lucas,14866.83,50,297.34
NS-18640,Noel Staavos,14866.10,74,200.89
NS-18505,Neola Schneider,14834.31,66,224.76
DK-12985,Darren Koutras,14823.99,63,235.30
BC-11125,Becky Castell,14789.43,73,202.59
VD-21670,Valerie Dominguez,14754.89,49,301.12
MB-18085,Mick Brown,14744.25,58,254.21
HG-15025,Hunter Glantz,14737.81,52,283.42
MY-17380,Maribeth Yedwab,14724.15,50,294.48
JF-15415,Jennifer Ferguson,14717.47,49,300.36
SJ-20215,Sarah Jordon,14709.70,65,226.30
GH-14485,Gene Hale,14692.66,43,341.69
BG-11740,Bruce Geld,14689.35,43,341.61
ML-18265,Muhammed Lee,14674.00,59,248.71
CM-12115,Chad McGuire,14657.96,38,385.74
PG-18820,Patrick Gardner,14635.94,67,218.45
TZ-21445,Tom Zandusky,14601.67,63,231.77
SV-20815,Stuart Van,14575.52,44,331.26
GM-14695,Greg Maxwell,14564.92,53,274.81
KB-16315,Karl Braun,14542.73,66,220.34
AO-10810,Anthony O'Donnell,14537.82,53,274.30
AG-10330,Alex Grayson,14534.52,67,216.93
ML-17395,Marina Lichtenstein,14507.07,44,329.71
SC-20770,Stewart Carmichael,14495.16,72,201.32
CR-12820,Cyra Reiten,14470.56,43,336.52
MZ-17335,Maria Zettner,14463.95,42,344.38
MG-17875,Michael Grace,14452.84,59,244.96
AH-10030,Aaron Hawkins,14439.51,44,328.17
ML-17755,Max Ludwig,14425.12,50,288.50
DR-12880,Dan Reichenbach,14415.33,67,215.15
FM-14290,Frank Merwin,14382.32,61,235.78
SL-20155,Sara Luxemburg,14380.71,56,256.80
CM-11815,Candace McMahon,14362.81,40,359.07
FM-14215,Filia McAdams,14353.38,55,260.97
JS-15685,Jim Sink,14338.53,61,235.06
HJ-14875,Heather Jas,14312.81,59,242.59
MC-17575,Matt Collins,14281.67,58,246.24
AR-10510,Andrew Roberts,14277.90,55,259.60
SV-20785,Stewart Visinsky,14262.94,64,222.86
PL-18925,Paul Lucas,14256.74,41,347.73
CS-11950,Carlos Soltero,14222.99,62,229.40
CM-12655,Corinna Mitchell,14188.74,35,405.39
CP-12085,Cathy Prescott,14183.89,43,329.86
AR-10345,Alex Russell,14165.78,48,295.12
TM-21010,Tamara Manning,14158.97,51,277.63
DH-13075,Dave Hallsten,14128.65,56,252.30
EM-13825,Elizabeth Moffitt,14128.07,51,277.02
BT-11680,Brian Thompson,14087.76,52,270.92
ST-20530,Shui Tom,14064.02,55,255.71
LH-17155,Logan Haushalter,14063.53,60,234.39
RS-19420,Ricardo Sperren,14047.17,58,242.19
KM-16720,Kunst Miller,14041.02,62,226.47
NP-18700,Nora Preis,14036.46,45,311.92
CC-12430,Chuck Clark,13997.59,55,254.50
SC-20725,Steven Cartwright,13975.41,61,229.11
TG-21640,Trudy Glocke,13973.81,59,236.84
PG-18895,Paul Gonzalez,13941.66,72,193.63
TW-21025,Tamara Willingham,13931.89,47,296.42
CY-12745,Craig Yedwab,13928.45,54,257.93
TM-21490,Tony Molinari,13908.85,55,252.89
NC-18340,Nat Carroll,13905.36,56,248.31
TS-21205,Thomas Seio,13888.67,64,217.01
HK-14890,Heather Kirkland,13886.45,53,262.01
DP-13000,Darren Powers,13882.76,67,207.21
JB-16045,Julia Barnett,13851.28,40,346.28
MT-17815,Meg Tillman,13845.53,47,294.59
BT-11530,Bradley Talbott,13808.33,44,313.83
KB-16405,Katrina Bavinger,13786.11,63,218.83
AA-10315,Alex Avila,13747.42,42,327.32
DB-13210,Dean Braden,13743.58,62,221.67
HH-15010,Hilary Holden,13731.74,52,264.07
DG-13300,Deirdre Greer,13731.43,52,264.07
RP-19270,Rachel Payne,13725.63,58,236.65
MH-17290,Marc Harrigan,13718.69,57,240.68
CT-11995,Carol Triggs,13715.80,49,279.91
MO-17800,Meg O'Connel,13709.13,40,342.73
VM-21685,Valerie Mitchum,13708.14,54,253.85
BP-11155,Becky Pak,13696.14,47,291.41
TH-21100,Thea Hendricks,13684.88,47,291.17
TB-21055,Ted Butterfield,13671.72,71,192.56
EB-14110,Eugene Barchas,13665.48,46,297.08
GH-14410,Gary Hansen,13659.59,65,210.15
AT-10435,Alyssa Tate,13654.30,40,341.36
PJ-18835,Patrick Jones,13639.52,31,439.98
CK-12205,Chloris Kastensmidt,13625.18,83,164.16
RS-19765,Roland Schwarz,13582.12,39,348.26
SW-20245,Scot Wooten,13576.68,48,282.85
FH-14275,Frank Hawley,13569.57,43,315.57
EM-13810,Eleni McCrary,13549.71,41,330.48
SH-20635,Stefanie Holloman,13546.75,47,288.23
CG-12520,Claire Gute,13545.47,42,322.51
FA-14230,Frank Atkinson,13535.07,56,241.70
KC-16675,Kimberly Carter,13531.29,49,276.15
JL-15175,James Lanier,13499.86,45,300.00
RD-19900,Ruben Dartt,13485.76,60,224.76
TH-21115,Thea Hudgings,13483.63,58,232.48
RK-19300,Ralph Kennedy,13480.92,55,245.11
SC-20680,Steve Carroll,13477.07,52,259.17
CD-12790,Cynthia Delaney,13468.13,51,264.08
DS-13180,David Smith,13447.40,57,235.92
EB-13975,Erica Bern,13405.60,65,206.24
ER-13855,Elpida Rittenbach,13396.00,33,405.94
RF-19345,Randy Ferguson,13391.26,47,284.92
BD-11320,Bill Donatelli,13390.27,52,257.51
MZ-17515,Mary Zewe,13383.98,55,243.35
MF-17665,Maureen Fritzler,13366.55,53,252.20
LD-16855,Lela Donovan,13361.95,58,230.38
JR-15670,Jim Radford,13338.10,32,416.82
MS-17530,MaryBeth Skach,13335.07,47,283.72
AB-10600,Ann Blume,13318.66,38,350.49
JM-15580,Jill Matthias,13295.85,52,255.69
RH-19495,Rick Hansen,13295.77,49,271.34
BK-11260,Berenike Kampe,13294.70,57,233.24
TB-21625,Trudy Brown,13266.23,52,255.12
PR-18880,Patrick Ryan,13243.63,61,217.11
TT-21220,Thomas Thornton,13224.60,51,259.31
MK-17905,Michael Kennedy,13202.45,57,231.62
AW-10840,Anthony Witt,13200.23,60,220.00
JE-15610,Jim Epp,13192.68,52,253.71
DW-13540,Don Weiss,13166.43,51,258.17
MG-17890,Michael Granlund,13162.27,62,212.29
JK-16120,Julie Kriz,13134.72,51,257.54
LC-17140,Logan Currie,13128.25,60,218.80
DN-13690,Duane Noonan,13098.33,40,327.46
BD-11500,Bradley Drucker,13089.86,41,319.26
JB-15400,Jennifer Braxton,13085.52,62,211.06
AB-10150,Aimee Bixby,13057.31,47,277.82
DA-13450,Dianna Arnett,13035.38,51,255.60
AG-10675,Anna Gayman,13023.86,52,250.46
SF-20200,Sarah Foster,13019.62,53,245.65
MC-17605,Matt Connell,13019.21,54,241.10
AG-10300,Aleksandra Gannaway,13013.88,41,317.41
SP-20860,Sung Pak,12994.59,48,270.72
LT-17110,Liz Thompson,12986.78,55,236.12
AT-10735,Annie Thurman,12984.11,49,264.98
JC-15385,Jenna Caffey,12978.95,54,240.35
BF-11215,Benjamin Farhat,12968.97,54,240.17
SB-20170,Sarah Bern,12950.94,37,350.03
RD-19660,Robert Dilbeck,12947.96,36,359.67
LC-17050,Liz Carlisle,12933.87,43,300.79
SJ-20500,Shirley Jackson,12930.78,49,263.89
MP-17470,Mark Packer,12928.80,49,263.85
KE-16420,Katrina Edelman,12928.69,61,211.95
GH-14665,Greg Hansen,12921.44,47,274.92
CW-11905,Carl Weiss,12917.64,48,269.12
DV-13465,Dianna Vittorini,12910.88,51,253.15
JL-15130,Jack Lebron,12908.51,59,218.79
GG-14650,Greg Guthrie,12902.96,69,187.00
TH-21235,Tiffany House,12896.28,45,286.58
PM-18940,Paul MacIntyre,12893.61,34,379.22
MN-17935,Michael Nguyen,12870.93,45,286.02
LF-17185,Luke Foster,12864.77,55,233.90
SH-20395,Shahid Hopkins,12849.18,62,207.24
NP-18670,Nora Paige,12839.02,40,320.98
ES-14020,Erica Smith,12827.29,55,233.22
PW-19030,Pauline Webber,12810.06,55,232.91
TH-21550,Tracy Hopkins,12808.90,47,272.53
JG-15115,Jack Garza,12801.82,42,304.81
EH-14185,Evan Henry,12800.55,46,278.27
CC-12685,Craig Carroll,12798.56,44,290.88
JK-15625,Jim Karlsson,12754.42,51,250.09
SN-20560,Skye Norling,12738.72,49,259.97
JG-15310,Jason Gross,12733.72,49,259.87
AC-10615,Ann Chong,12729.74,65,195.84
SR-20425,Sharelle Roach,12721.26,45,282.69
HM-14980,Henry MacAllister,12718.84,57,223.14
MG-17650,Matthew Grinstein,12717.28,50,254.35
CB-12415,Christy Brittain,12705.56,44,288.76
SN-20710,Steve Nguyen,12703.95,55,230.98
LB-16735,Larry Blacks,12686.03,52,243.96
JK-15640,Jim Kriz,12637.46,37,341.55
AH-10195,Alan Haines,12628.18,60,210.47
AS-10045,Aaron Smayling,12596.29,47,268.01
JR-16210,Justin Ritter,12589.96,46,273.69
BP-11230,Benjamin Patterson,12573.63,42,299.37
DJ-13630,Doug Jacobs,12560.15,47,267.24
PV-18985,Paul Van Hugh,12540.68,53,236.62
CJ-11875,Carl Jackson,12538.87,42,298.54
JH-15910,Jonathan Howell,12532.74,63,198.93
CS-12250,Chris Selesnick,12496.12,69,181.10
GA-14515,George Ashbrook,12488.67,46,271.49
BP-11290,Beth Paige,12448.90,50,248.98
TP-21565,Tracy Poddar,12429.79,62,200.48
EB-13705,Ed Braxton,12382.31,53,233.63
BO-11425,Bobby Odegard,12356.57,43,287.36
KD-16615,Ken Dana,12348.47,53,232.99
DB-12910,Daniel Byrd,12338.30,49,251.80
NM-18520,Neoma Murray,12328.62,48,256.85
JB-15925,Joni Blumstein,12325.28,48,256.78
EJ-14155,Eva Jacobs,12324.84,40,308.12
TG-21310,Toby Gnade,12305.24,59,208.56
Co-12640,Corey-Lock,12279.24,55,223.26
CC-12145,Charles Crestani,12190.67,46,265.01
SS-20590,Sonia Sunley,12181.43,55,221.48
DW-13585,Dorothy Wardle,12143.03,69,175.99
RF-19735,Roland Fjeld,12139.10,51,238.02
EM-14065,Erin Mull,12108.30,42,288.29
LH-16900,Lena Hernandez,12098.36,52,232.66
DO-13645,Doug O'Connell,12083.50,59,204.81
PB-18805,Patrick Bzostek,12075.39,46,262.51
RE-19405,Ricardo Emerson,12073.13,44,274.39
KL-16555,Kelly Lampkin,12064.38,62,194.59
ND-18460,Neil Ducich,12061.44,44,274.12
MH-18115,Mick Hernandez,12017.10,56,214.59
GM-14680,Greg Matthias,12010.65,60,200.18
VF-21715,Vicky Freymann,12000.14,41,292.69
CM-12445,Chuck Magee,11971.72,49,244.32
PF-19225,Phillip Flathmann,11915.20,53,224.82
Dl-13600,Dorris liebe,11912.78,40,297.82
BW-11200,Ben Wallace,11862.36,54,219.67
CD-11980,Carol Darley,11848.16,56,211.57
TB-21250,Tim Brockman,11830.08,61,193.94
LC-16960,Lindsay Castell,11812.08,35,337.49
JH-15430,Jennifer Halladay,11806.22,63,187.40
IL-15100,Ivan Liston,11802.70,48,245.89
MS-17830,Melanie Seite,11783.41,55,214.24
NP-18325,Naresj Patel,11778.48,54,218.12
RR-19315,Ralph Ritter,11765.02,44,267.39
MH-18025,Michelle Huthwaite,11753.70,40,293.84
RA-19945,Ryan Akin,11696.04,40,292.40
DB-13270,Deborah Brumfield,11690.38,48,243.55
CB-12025,Cassandra Brandow,11685.33,50,233.71
MC-17275,Marc Crier,11680.05,59,197.97
MH-17785,Maya Herman,11676.14,49,238.29
LC-16930,Linda Cazamias,11660.71,50,233.21
GB-14530,George Bell,11657.76,48,242.87
AB-10165,Alan Barnes,11649.28,52,224.02
DS-13030,Darrin Sayre,11644.30,61,190.89
VP-21730,Victor Preis,11629.26,49,237.33
RB-19435,Richard Bierner,11618.06,52,223.42
RH-19510,Rick Huthwaite,11599.39,43,269.75
GZ-14545,George Zrebassa,11593.74,44,263.49
SM-20950,Suzanne McNair,11552.79,51,226.53
CS-12505,Cindy Stewart,11535.27,30,384.51
CC-12100,Chad Cunningham,11500.13,50,230.00
NK-18490,Neil Knudson,11483.19,52,220.83
LD-17005,Lisa DeCherney,11461.65,49,233.91
DB-13660,Duane Benoit,11397.06,35,325.63
EA-14035,Erin Ashbrook,11387.08,69,165.03
CM-12235,Chris McAfee,11377.60,37,307.50
CM-12190,Charlotte Melton,11375.06,48,236.98
PN-18775,Parhena Norris,11370.49,50,227.41
DL-12925,Daniel Lacy,11364.72,53,214.43
NP-18685,Nora Pelletier,11363.46,54,210.43
BS-11590,Brendan Sweed,11358.60,50,227.17
MC-18100,Mick Crebagga,11353.77,58,195.75
BT-11395,Bill Tyler,11347.53,44,257.90
SC-20800,Stuart Calhoun,11321.28,42,269.55
LL-16840,Lauren Leatherbury,11287.79,43,262.51
SG-20890,Susan Gilcrest,11260.32,47,239.58
LO-17170,Lori Olson,11256.32,54,208.45
BD-11635,Brian Derr,11230.71,47,238.95
RW-19690,Robert Waldorf,11200.14,47,238.30
XP-21865,Xylona Preis,11187.16,55,203.40
DL-12865,Dan Lawera,11185.74,55,203.38
MM-18055,Michelle Moray,11163.59,49,227.83
KD-16345,Katherine Ducich,11157.04,32,348.66
RM-19675,Robert Marley,11151.97,36,309.78
HR-14770,Hallie Redmond,11126.95,44,252.89
CH-12070,Cathy Hwang,11122.56,44,252.79
CS-12490,Cindy Schnelling,11110.51,52,213.66
AJ-10945,Ashley Jarboe,11087.03,41,270.42
JC-16105,Julie Creighton,11079.10,49,226.10
NC-18535,Nick Crebassa,11054.38,36,307.07
RP-19855,Roy Phan,11043.07,57,193.74
MH-17620,Matt Hagelstein,11038.32,48,229.97
NR-18550,Nick Radford,10993.41,52,211.41
CS-12130,Chad Sievert,10981.24,43,255.38
RB-19570,Rob Beeghly,10961.62,50,219.23
SK-19990,Sally Knutson,10932.98,48,227.77
TP-21415,Tom Prescott,10926.71,39,280.17
MT-18070,Michelle Tran,10920.37,53,206.04
JK-15205,Jamie Kunitz,10917.02,42,259.93
JP-15460,Jennifer Patt,10916.35,57,191.51
ND-18370,Natalie DeCherney,10913.14,54,202.10
RD-19720,Roger Demir,10902.53,59,184.79
SH-19975,Sally Hughsby,10893.53,57,191.11
EM-14095,Eudokia Martin,10889.70,40,272.24
BS-11800,Bryan Spruell,10887.21,44,247.44
BD-11725,Bruce Degenhardt,10877.85,52,209.19
PO-19195,Phillina Ober,10872.01,46,236.35
FC-14245,Frank Carlisle,10867.80,43,252.74
MA-17560,Matt Abelman,10813.81,74,146.13
GP-14740,Guy Phonely,10793.74,51,211.64
AB-10255,Alejandro Ballentine,10786.72,53,203.52
KM-16660,Khloe Miller,10785.29,56,192.59
SG-20080,Sandra Glassco,10774.51,41,262.79
LS-17245,Lynn Smith,10759.00,45,239.09
GB-14575,Giulietta Baptist,10749.00,53,202.81
SG-20470,Sheri Gordon,10730.28,51,210.40
BG-11695,Brooke Gillingham,10723.32,39,274.96
TC-21475,Tony Chapman,10722.55,49,218.83
PC-18745,Pamela Coakley,10693.51,38,281.41
CA-12055,Cathy Armstrong,10691.05,44,242.98
TB-21190,Thomas Brumley,10686.50,30,356.22
RE-19450,Richard Eichhorn,10660.50,36,296.13
FH-14350,Fred Harton,10654.53,39,273.19
JW-15955,Joni Wasserman,10640.84,56,190.02
AG-10270,Alejandro Grove,10637.41,51,208.58
NF-18475,Neil Franzšsisch,10630.93,46,231.11
AC-10420,Alyssa Crouse,10607.70,40,265.19
NL-18310,Nancy Lomonaco,10587.33,39,271.47
JC-15775,John Castell,10582.79,42,251.97
SC-20020,Sam Craven,10579.48,60,176.32
LS-17230,Lycoris Saunders,10577.18,60,176.29
MV-17485,Mark Van Huff,10563.36,51,207.12
SJ-20125,Sanjit Jacobs,10562.09,58,182.11
CS-11860,Cari Schnelling,10555.92,41,257.46
ME-18010,Michelle Ellison,10547.64,48,219.74
NF-18595,Nicole Fjeld,10535.32,35,301.01
LW-17215,Luke Weiss,10529.51,47,224.03
GM-14455,Gary Mitchum,10523.66,36,292.32
EL-13735,Ed Ludwig,10515.86,40,262.90
TZ-21580,Tracy Zic,10455.53,41,255.01
JS-15880,John Stevenson,10443.11,32,326.35
JO-15145,Jack O'Briant,10440.98,39,267.72
LE-16810,Laurel Elliston,10429.25,52,200.56
LS-16945,Linda Southworth,10420.12,42,248.10
IG-15085,Ivan Gibson,10383.12,49,211.90
SP-20650,Stephanie Phelps,10377.86,37,280.48
EH-14005,Erica Hernandez,10374.95,44,235.79
BM-11575,Brendan Murry,10351.35,42,246.46
BT-11305,Beth Thompson,10321.83,52,198.50
MO-17500,Mary O'Rourke,10314.41,50,206.29
KB-16600,Ken Brennan,10295.96,42,245.14
DP-13390,Dennis Pardue,10282.79,43,239.13
VS-21820,Vivek Sundaresam,10275.79,29,354.34
BN-11515,Bradley Nguyen,10272.22,56,183.43
JD-15790,John Dryer,10267.76,37,277.51
DF-13135,David Flashing,10240.40,39,262.57
AW-10930,Arthur Wiediger,10230.94,39,262.33
CS-12400,Christopher Schild,10221.36,44,232.30
BF-11020,Barry Franzšsisch,10201.27,46,221.77
JK-15370,Jay Kimmel,10189.49,56,181.96
BD-11770,Bryan Davis,10168.31,48,211.84
JP-16135,Julie Prescott,10163.52,55,184.79
BF-11080,Bart Folk,10134.57,40,253.36
SG-20605,Speros Goranitis,10128.55,55,184.16
TB-21280,Toby Braunhardt,10127.03,52,194.75
MC-17590,Matt Collister,10118.84,46,219.97
DE-13255,Deanra Eno,10085.79,42,240.14
MK-18160,Mike Kennedy,10043.35,53,189.50
TR-21325,Toby Ritter,10033.19,47,213.47
DB-13615,Doug Bickford,10031.46,50,200.63
MA-17995,Michelle Arnett,10006.46,42,238.25
LW-16825,Laurel Workman,9990.84,43,232.35
KH-16360,Katherine Hughes,9983.50,64,155.99
MH-17455,Mark Hamilton,9974.26,42,237.48
CC-12670,Craig Carreira,9969.02,53,188.09
VB-21745,Victoria Brennan,9961.05,38,262.13
FP-14320,Frank Preis,9939.06,50,198.78
CK-12325,Christine Kargatis,9927.89,52,190.92
AH-10120,Adrian Hane,9927.86,46,215.82
VG-21790,Vivek Gonzalez,9908.61,43,230.43
HE-14800,Harold Engle,9902.48,57,173.73
KB-16240,Karen Bern,9900.69,38,260.54
SC-20845,Sung Chung,9898.63,41,241.43
LC-16870,Lena Cacioppo,9859.90,55,179.27
PM-19135,Peter McVee,9857.66,35,281.65
AG-10765,Anthony Garverick,9824.78,44,223.29
AS-10630,Ann Steele,9815.94,31,316.64
CV-12805,Cynthia Voltz,9764.15,40,244.10
HA-14920,Helen Andreada,9740.43,54,180.38
HF-14995,Herbert Flentye,9712.89,59,164.63
JJ-15445,Jennifer Jackson,9696.84,33,293.84
DW-13195,David Wiener,9689.33,45,215.32
CM-11935,Carlos Meador,9689.01,34,284.97
SC-20575,Sonia Cooley,9685.44,54,179.36
HZ-14950,Henia Zydlo,9656.38,45,214.59
NB-18655,Nona Balk,9647.23,42,229.70
DM-13525,Don Miller,9640.41,38,253.70
AZ-10750,Annie Zypern,9639.81,42,229.52
HR-14830,Harold Ryan,9637.18,39,247.11
BF-11275,Beth Fritzler,9578.61,46,208.23
JR-15700,Jocasta Rupert,9568.34,28,341.73
EB-13930,Eric Barreto,9533.96,31,307.55
TS-21430,Tom Stivers,9532.92,52,183.33
TS-21655,Trudy Schmidt,9525.46,49,194.40
ZD-21925,Zuschuss Donatelli,9479.35,36,263.32
PC-19000,Pauline Chand,9474.05,37,256.06
AR-10570,Anemone Ratner,9445.67,33,286.23
PH-18790,Patricia Hirasaki,9435.56,31,304.37
RW-19630,Rob Williams,9425.92,45,209.46
DB-13555,Dorothy Badders,9415.22,45,209.23
TN-21040,Tanja Norvell,9410.28,50,188.21
FG-14260,Frank Gastineau,9396.50,33,284.74
SC-20260,Scott Cohen,9366.21,53,176.72
BD-11560,Brendan Dodson,9356.77,30,311.89
JS-15595,Jill Stevenson,9334.64,35,266.70
KC-16255,Karen Carlisle,9321.97,45,207.15
DC-12850,Dan Campbell,9307.36,59,157.75
RD-19930,Russell D'Ascenzo,9293.61,52,178.72
RB-19705,Roger Barcio,9288.09,29,320.28
NG-18355,Nat Gilpin,9262.71,50,185.25
KW-16570,Kelly Williams,9256.06,58,159.59
NC-18415,Nathan Cano,9255.79,39,237.33
LM-17065,Liz MacKendrick,9249.38,36,256.93
DK-13225,Dean Katz,9246.47,45,205.48
CS-12355,Christine Sundaresam,9240.89,50,184.82
JF-15490,Jeremy Farry,9234.54,45,205.21
PJ-19015,Pauline Johnson,9230.89,46,200.67
TB-21355,Todd Boyes,9205.11,53,173.68
BD-11605,Brian Dahlen,9202.69,42,219.11
DB-12970,Darren Budd,9166.21,23,398.53
AH-10585,Angele Hood,9125.89,32,285.18
LW-16990,Lindsay Williams,9111.86,37,246.27
BB-10990,Barry Blumstein,9064.53,54,167.86
CV-12295,Christina VanderZanden,9042.26,42,215.29
BW-1065,Barry Weirich,9027.48,10,902.75
AS-10240,Alan Shonely,9006.68,57,158.01
EJ-13720,Ed Jacobs,8969.45,35,256.27
AR-10405,Allen Rosenblatt,8956.82,43,208.30
RH-19555,Ritsa Hightower,8944.32,37,241.74
GR-14560,Georgia Rosenberg,8895.07,48,185.31
TC-21535,Tracy Collins,8888.04,45,197.51
AJ-10795,Anthony Johnson,8887.09,51,174.26
BT-11485,Brad Thomas,8878.05,52,170.73
GA-14725,Guy Armstrong,8817.55,55,160.32
EH-13990,Erica Hackney,8807.10,40,220.18
FC-14335,Fred Chung,8770.74,42,208.83
RH-9555,Ritsa Hightower,8753.47,23,380.59
DD-13570,Dorothy Dickinson,8741.46,51,171.40
CR-12580,Clay Rozendal,8700.34,34,255.89
JD-16015,Joy Daniels,8690.63,49,177.36
ML-18040,Michelle Lonsdale,8677.60,37,234.53
LS-16975,Lindsay Shagiari,8646.90,48,180.14
AJ-10960,Astrea Jones,8633.59,38,227.20
JL-15505,Jeremy Lonsdale,8631.71,43,200.74
AH-10465,Amy Hunt,8547.84,32,267.12
MC-18130,Mike Caudle,8532.68,49,174.14
MS-17710,Maurice Satty,8500.63,49,173.48
JL-15850,John Lucas,8497.67,38,223.62
EB-13750,Edward Becker,8490.00,38,223.42
AG-10525,Andy Gerbode,8468.97,31,273.19
AG-10390,Allen Goldenen,8453.02,43,196.58
TB-21595,Troy Blackwell,8438.02,39,216.36
BW-11065,Barry Weirich,8409.08,41,205.10
CM-12715,Craig Molinari,8392.58,41,204.70
PT-19090,Pete Takahito,8370.78,36,232.52
AI-10855,Arianne Irving,8358.59,40,208.96
JE-16165,Justin Ellison,8352.74,38,219.81
BP-11095,Bart Pistole,8327.88,55,151.42
BT-11440,Bobby Trafton,8263.98,33,250.42
LT-7110,Liz Thompson,8234.99,19,433.42
PO-9195,Phillina Ober,8227.36,23,357.71
JF-5415,Jennifer Ferguson,8227.02,17,483.94
LH-17020,Lisa Hazard,8189.78,37,221.35
BF-10975,Barbara Fisher,8104.77,42,192.97
PB-19105,Peter BŸhler,8087.80,35,231.08
SH-9975,Sally Hughsby,8058.14,20,402.91
AR-10540,Andy Reiter,7983.95,22,362.91
LH-16750,Larry Hughes,7945.10,44,180.57
MH-17440,Mark Haberlin,7945.05,57,139.39
RC-19825,Roy Collins,7916.67,44,179.92
CC-12550,Clay Cheatham,7908.68,48,164.76
PB-19150,Philip Brown,7907.26,54,146.43
RC-19960,Ryan Crowe,7897.86,44,179.50
BD-11620,Brian DeCherney,7849.02,40,196.23
ME-17725,Max Engle,7839.90,51,153.72
EH-13945,Eric Hoffmann,7832.71,52,150.63
JM-16195,Justin MacKendrick,7825.57,43,181.99
DH-13675,Duane Huffman,7817.31,30,260.58
KM-16225,Kalyca Meade,7754.54,40,193.86
SV-10815,Stuart Van,7728.92,18,429.38
JD-16060,Julia Dunbar,7683.04,32,240.10
SC-20440,Shaun Chance,7677.45,40,191.94
LP-17080,Liz Pelletier,7631.98,41,186.15
SS-20515,Shirley Schmidt,7480.65,31,241.31
BO-11350,Bill Overfelt,7476.27,34,219.89
SU-20665,Stephanie Ulpright,7442.47,55,135.32
SF-20065,Sandra Flanagan,7395.74,34,217.52
JF-15355,Jay Fein,7343.57,41,179.11
HP-14815,Harold Pawlan,7321.43,37,197.88
CC-12220,Chris Cortes,7308.76,56,130.51
AS-10135,Adrian Shami,7307.25,35,208.78
PK-18910,Paul Knutson,7282.56,30,242.75
TB-11250,Tim Brockman,7270.83,28,259.67
KH-16630,Ken Heidel,7220.71,45,160.46
LC-7050,Liz Carlisle,7193.65,15,479.58
PW-19240,Pierre Wener,7186.15,48,149.71
JW-5220,Jane Waco,7184.73,14,513.20
CA-12310,Christine Abelman,7166.23,36,199.06
MM-18280,Muhammed MacIntyre,7134.30,36,198.18
JO-15280,Jas O'Carroll,7123.56,35,203.53
DW-3480,Dianna Wilson,7118.11,25,284.72
RD-19810,Ross DeVincentis,7091.10,56,126.63
RS-19870,Roy Skaria,7090.98,43,164.91
NW-8400,Natalie Webber,7046.73,19,370.88
DP-3105,Dave Poirier,6970.71,13,536.21
CC-2370,Christopher Conant,6957.23,18,386.51
JM-15535,Jessica Myrick,6942.41,41,169.33
TD-20995,Tamara Dahlen,6924.21,48,144.25
SW-20350,Sean Wendt,6923.27,30,230.78
DB-13360,Dennis Bolton,6919.82,45,153.77
SM-20905,Susan MacKendrick,6918.49,29,238.57
MD-7860,Michael Dominguez,6853.51,12,571.13
MT-8070,Michelle Tran,6851.93,15,456.80
EB-13870,Emily Burns,6850.98,29,236.24
TS-21160,Theresa Swint,6805.96,48,141.79
SM-20005,Sally Matthias,6801.58,38,178.99
SP-20545,Sibella Parks,6801.20,32,212.54
SF-20965,Sylvia Foulston,6777.68,34,199.34
EB-14170,Evan Bailliet,6736.44,39,172.73
PA-19060,Pete Armstrong,6723.23,43,156.35
GM-14500,Gene McClure,6704.19,36,186.23
PJ-9015,Pauline Johnson,6612.65,19,348.03
FM-14380,Fred McMath,6598.40,33,199.95
CK-12760,Cyma Kinney,6574.82,42,156.54
EG-3900,Emily Grady,6549.95,28,233.93
RD-9930,Russell D'Ascenzo,6523.39,19,343.34
RM-19750,Roland Murray,6475.00,28,231.25
PV-8985,Paul Van Hugh,6390.63,12,532.55
BS-1800,Bryan Spruell,6364.85,25,254.59
SC-10680,Steve Carroll,6344.79,19,333.94
EN-13780,Edward Nazzal,6333.92,34,186.29
AH-30,Aaron Hawkins,6320.02,12,526.67
LM-7065,Liz MacKendrick,6280.47,14,448.61
SM-10005,Sally Matthias,6262.38,16,391.40
AC-10660,Anna Chung,6255.60,35,178.73
KT-16480,Kean Thornton,6240.66,31,201.31
RA-9285,Ralph Arnett,6226.68,39,159.66
BP-1230,Benjamin Patterson,6134.99,25,245.40
SW-20455,Shaun Weien,6038.00,28,215.64
RB-9705,Roger Barcio,6018.08,25,240.72
DJ-3510,Don Jones,5976.69,9,664.08
RB-19645,Robert Barroso,5973.62,42,142.23
RP-9390,Resi Pšlking,5935.98,21,282.67
JE-15475,Jeremy Ellison,5905.08,32,184.53
KN-16705,Kristina Nunn,5884.78,35,168.14
AA-10375,Allen Armold,5884.19,42,140.10
JK-5730,Joe Kamberova,5862.87,22,266.49
TS-11430,Tom Stivers,5812.08,17,341.89
IG-5085,Ivan Gibson,5766.25,28,205.94
JL-5130,Jack Lebron,5765.40,24,240.23
RW-9540,Rick Wilson,5698.43,13,438.34
BD-1635,Brian Derr,5689.26,21,270.92
RE-9450,Richard Eichhorn,5678.71,31,183.18
JH-6180,Justin Hirsh,5651.90,19,297.47
DB-13120,David Bremer,5602.59,28,200.09
GT-14755,Guy Thornton,5601.71,48,116.70
EK-13795,Eileen Kiefer,5597.36,22,254.43
CP-2085,Cathy Prescott,5585.69,22,253.90
MM-7260,Magdelene Morse,5510.36,13,423.87
AY-10555,Andy Yotov,5446.62,30,181.55
AB-600,Ann Blume,5408.55,26,208.02
BP-11050,Barry Pond,5403.80,37,146.05
TS-21085,Thais Sissman,5395.24,41,131.59
LW-17125,Liz Willingham,5369.28,26,206.51
JD-6150,Justin Deggeller,5329.77,17,313.52
PB-9210,Phillip Breyer,5302.20,23,230.53
MG-8145,Mike Gockenbach,5229.11,8,653.64
RD-9585,Rob Dowd,5168.40,21,246.11
IM-15055,Ionia McGrath,5154.85,26,198.26
KS-16300,Karen Seio,5103.35,39,130.86
BS-1665,Brian Stugart,5101.91,21,242.95
CV-2805,Cynthia Voltz,5088.85,14,363.49
LC-6930,Linda Cazamias,5080.69,17,298.86
CR-2625,Corey Roper,5079.90,23,220.87
BD-1725,Bruce Degenhardt,5078.40,24,211.60
TT-11265,Tim Taslimi,5049.04,22,229.50
CP-2340,Christine Phan,5044.65,19,265.51
EH-4125,Eugene Hildebrand,5012.22,27,185.64
DM-3345,Denise Monton,4998.43,12,416.54
NP-8685,Nora Pelletier,4994.85,12,416.24
BP-1050,Barry Pond,4981.54,20,249.08
GR-4560,Georgia Rosenberg,4955.52,14,353.97
AS-285,Alejandro Savely,4938.46,24,205.77
TG-11640,Trudy Glocke,4906.54,16,306.66
NB-18580,Nicole Brennan,4875.59,17,286.80
MB-7305,Maria Bertelson,4874.59,12,406.22
AJ-945,Ashley Jarboe,4860.92,15,324.06
RD-9900,Ruben Dartt,4837.22,26,186.05
KN-6705,Kristina Nunn,4830.87,11,439.17
TA-11385,Tom Ashbrook,4819.95,15,321.33
CM-1830,Cari MacIntyre,4777.42,23,207.71
SS-20875,Sung Shariari,4772.14,38,125.58
MH-7455,Mark Hamilton,4747.38,22,215.79
TT-21265,Tim Taslimi,4730.63,33,143.35
PT-9090,Pete Takahito,4686.03,15,312.40
AB-255,Alejandro Ballentine,4679.50,15,311.97
DH-3675,Duane Huffman,4661.84,24,194.24
DV-3045,Darrin Van Huff,4640.32,35,132.58
RH-19600,Rob Haberlin,4629.70,36,128.60
AJ-960,Astrea Jones,4629.16,22,210.42
GP-4740,Guy Phonely,4610.10,23,200.44
AB-15,Aaron Bergman,4607.13,12,383.93
GH-4425,Gary Hwang,4585.82,22,208.45
BH-1710,Brosina Hoffman,4583.29,27,169.75
TS-11370,Todd Sumrall,4573.59,18,254.09
JE-6165,Justin Ellison,4555.72,15,303.71
HR-4770,Hallie Redmond,4550.32,17,267.67
CH-2070,Cathy Hwang,4545.62,26,174.83
RB-9330,Randy Bradley,4538.26,13,349.10
MO-17950,Michael Oakman,4527.40,24,188.64
JP-6135,Julie Prescott,4432.65,21,211.08
EC-14050,Erin Creighton,4430.24,34,130.30
HM-4980,Henry MacAllister,4409.30,7,629.90
JK-5625,Jim Karlsson,4364.77,18,242.49
IM-5055,Ionia McGrath,4324.95,13,332.69
MS-7830,Melanie Seite,4322.91,15,288.19
MC-7275,Marc Crier,4301.04,10,430.10
MG-7680,Maureen Gastineau,4298.48,22,195.39
GM-4500,Gene McClure,4298.37,11,390.76
MO-7800,Meg O'Connel,4294.26,18,238.57
JO-5550,Jesus Ocampo,4203.78,19,221.25
CC-2220,Chris Cortes,4174.18,31,134.65
DC-2850,Dan Campbell,4131.14,18,229.51
MY-8295,Muhammed Yedwab,4072.17,23,177.05
NM-8445,Nathan Mautz,4053.72,15,270.25
SM-10320,Sean Miller,4045.63,11,367.78
DV-3465,Dianna Vittorini,4037.82,12,336.49
CC-2685,Craig Carroll,4019.41,11,365.40
CK-2760,Cyma Kinney,4015.95,27,148.74
JH-5910,Jonathan Howell,4013.99,18,223.00
JO-15550,Jesus Ocampo,4002.91,34,117.73
MV-8190,Mike Vittorini,3995.05,14,285.36
TB-11520,Tracy Blumstein,3991.52,19,210.08
AS-135,Adrian Shami,3978.81,9,442.09
JC-6105,Julie Creighton,3914.95,14,279.64
TH-11235,Tiffany House,3901.35,22,177.33
JS-15940,Joni Sundaresam,3874.76,25,154.99
SF-10065,Sandra Flanagan,3861.43,17,227.14
DK-3375,Dennis Kane,3846.78,15,256.45
GZ-4470,Gary Zandusky,3835.62,20,191.78
RD-9720,Roger Demir,3833.71,18,212.98
BF-1080,Bart Folk,3808.17,15,253.88
TC-11145,Theresa Coyne,3799.92,21,180.95
JF-5565,Jill Fjeld,3776.70,18,209.82
NG-8430,Nathan Gelder,3749.83,16,234.36
NF-8385,Natalie Fritzler,3736.92,30,124.56
ER-3855,Elpida Rittenbach,3736.30,20,186.82
CC-2475,Cindy Chapman,3709.87,15,247.32
GZ-4545,George Zrebassa,3698.39,8,462.30
DB-3360,Dennis Bolton,3691.53,7,527.36
EL-3735,Ed Ludwig,3691.40,31,119.08
RB-9465,Rick Bensley,3675.24,9,408.36
PA-9060,Pete Armstrong,3670.58,13,282.35
LL-6840,Lauren Leatherbury,3649.15,23,158.66
MC-7575,Matt Collins,3619.19,17,212.89
AH-75,Adam Hart,3608.34,20,180.42
JM-5655,Jim Mitchum,3602.67,16,225.17
CG-12040,Catherine Glotzbach,3596.28,28,128.44
LA-6780,Laura Armstrong,3589.44,20,179.47
MM-8280,Muhammed MacIntyre,3586.70,19,188.77
EH-4185,Evan Henry,3577.77,15,238.52
RP-9855,Roy Phan,3569.14,15,237.94
JD-6060,Julia Dunbar,3541.45,16,221.34
DO-3435,Denny Ordway,3515.73,25,140.63
JF-5190,Jamie Frazer,3510.16,14,250.73
MZ-7335,Maria Zettner,3494.23,11,317.66
SS-10140,Saphhira Shifley,3491.63,16,218.23
PB-9150,Philip Brown,3478.45,22,158.11
JF-5355,Jay Fein,3475.77,23,151.12
GT-4755,Guy Thornton,3457.58,14,246.97
BD-1770,Bryan Davis,3405.06,16,212.82
AJ-795,Anthony Johnson,3395.58,26,130.60
RD-9660,Robert Dilbeck,3391.79,20,169.59
JL-5835,John Lee,3388.27,9,376.47
DK-2835,Damala Kotsonis,3373.14,18,187.40
KH-6330,Katharine Harms,3371.22,27,124.86
CA-2265,Christina Anderson,3364.64,10,336.46
MH-7440,Mark Haberlin,3357.78,16,209.86
RH-9600,Rob Haberlin,3340.47,11,303.68
CS-2175,Charles Sheldon,3340.10,8,417.51
SU-10665,Stephanie Ulpright,3331.14,17,195.95
HD-4785,Harold Dahlen,3325.61,19,175.03
JP-5460,Jennifer Patt,3294.02,21,156.86
AH-210,Alan Hwang,3277.11,8,409.64
TC-10980,Tamara Chand,3239.06,29,111.69
JB-6045,Julia Barnett,3235.65,17,190.33
LH-7155,Logan Haushalter,3228.75,12,269.06
RD-9810,Ross DeVincentis,3214.79,14,229.63
EM-4065,Erin Mull,3213.25,20,160.66
JK-5370,Jay Kimmel,3211.45,11,291.95
RF-9345,Randy Ferguson,3208.03,16,200.50
SC-10305,Sean Christensen,3207.19,21,152.72
MZ-7515,Mary Zewe,3193.16,22,145.14
JC-5385,Jenna Caffey,3183.08,21,151.58
RB-9435,Richard Bierner,3179.15,15,211.94
SC-10260,Scott Cohen,3166.51,21,150.79
AB-150,Aimee Bixby,3143.88,8,392.99
EB-3705,Ed Braxton,3141.63,12,261.80
CK-2325,Christine Kargatis,3125.30,15,208.35
BW-1200,Ben Wallace,3105.82,14,221.84
TB-11400,Tom Boeckenhauer,3103.32,25,124.13
KF-6285,Karen Ferguson,3100.14,22,140.92
AY-555,Andy Yotov,3096.42,20,154.82
SG-10470,Sheri Gordon,3086.67,8,385.83
RO-9780,Rose O'Brian,3080.10,21,146.67
CR-2580,Clay Rozendal,3057.27,7,436.75
RH-9495,Rick Hansen,3057.21,7,436.74
DB-2910,Daniel Byrd,3051.18,16,190.70
BF-1020,Barry Franzšsisch,3007.00,16,187.94
HG-4845,Harry Greene,2987.90,24,124.50
DG-3300,Deirdre Greer,2982.30,12,248.53
PO-8865,Patrick O'Donnell,2973.14,17,174.89
SV-10785,Stewart Visinsky,2969.43,11,269.95
SJ-10125,Sanjit Jacobs,2961.19,21,141.01
KB-6315,Karl Braun,2957.72,27,109.55
LC-7140,Logan Currie,2954.43,11,268.58
ZD-11925,Zuschuss Donatelli,2951.23,18,163.96
SC-10725,Steven Cartwright,2944.49,12,245.37
FM-4215,Filia McAdams,2935.61,14,209.69
KM-6720,Kunst Miller,2928.66,7,418.38
JS-5940,Joni Sundaresam,2927.35,28,104.55
BD-1620,Brian DeCherney,2919.60,27,108.13
JG-5115,Jack Garza,2907.67,20,145.38
JO-5145,Jack O'Briant,2904.71,12,242.06
CA-1965,Carol Adams,2883.15,16,180.20
NP-8670,Nora Paige,2871.87,8,358.98
AG-525,Andy Gerbode,2870.69,13,220.82
EM-3960,Eric Murdock,2855.87,15,190.39
CM-2715,Craig Molinari,2838.27,13,218.33
EM-4095,Eudokia Martin,2833.56,21,134.93
HZ-4950,Henia Zydlo,2830.41,12,235.87
DB-3615,Doug Bickford,2824.15,8,353.02
BN-1470,Brad Norvell,2823.85,13,217.22
LD-6855,Lela Donovan,2822.71,13,217.13
SG-10605,Speros Goranitis,2816.06,11,256.01
Dl-3600,Dorris liebe,2809.06,18,156.06
BT-1485,Brad Thomas,2803.97,13,215.69
ND-8370,Natalie DeCherney,2790.23,9,310.03
PB-8805,Patrick Bzostek,2787.66,16,174.23
AG-270,Alejandro Grove,2779.80,16,173.74
CL-2565,Clay Ludtke,2775.64,14,198.26
JD-5895,Jonathan Doherty,2770.44,20,138.52
FH-4365,Fred Hopkins,2751.35,12,229.28
NG-8355,Nat Gilpin,2746.47,16,171.65
JL-5505,Jeremy Lonsdale,2729.34,5,545.87
LS-6945,Linda Southworth,2726.03,21,129.81
ND-8460,Neil Ducich,2722.99,13,209.46
DE-3255,Deanra Eno,2714.49,13,208.81
EB-3975,Erica Bern,2713.62,12,226.14
NC-8340,Nat Carroll,2707.96,20,135.40
MK-8160,Mike Kennedy,2697.07,29,93.00
LR-7035,Lisa Ryan,2677.98,18,148.78
LW-7125,Liz Willingham,2677.34,15,178.49
AC-660,Anna Chung,2676.09,8,334.51
BO-1425,Bobby Odegard,2671.26,14,190.80
CS-2460,Chuck Sachs,2671.22,14,190.80
AP-915,Arthur Prichep,2668.08,18,148.23
JD-6015,Joy Daniels,2652.78,18,147.38
AH-195,Alan Haines,2651.55,17,155.97
AR-510,Andrew Roberts,2638.64,15,175.91
SF-10200,Sarah Foster,2633.32,20,131.67
EJ-4155,Eva Jacobs,2631.99,9,292.44
EH-4005,Erica Hernandez,2629.67,13,202.28
VM-21835,Vivian Mathis,2621.82,29,90.41
BN-1515,Bradley Nguyen,2606.80,9,289.64
EM-4200,Evan Minnotte,2585.90,9,287.32
JR-5670,Jim Radford,2585.03,16,161.56
KW-6570,Kelly Williams,2577.72,13,198.29
AJ-780,Anthony Jacobs,2571.01,27,95.22
BM-1650,Brian Moss,2537.10,14,181.22
EH-3945,Eric Hoffmann,2518.74,19,132.57
JK-6120,Julie Kriz,2513.07,14,179.51
JJ-5445,Jennifer Jackson,2490.20,8,311.28
LC-6960,Lindsay Castell,2487.40,15,165.83
MW-8220,Mitch Webber,2476.50,11,225.14
SF-10965,Sylvia Foulston,2476.30,13,190.48
SL-10155,Sara Luxemburg,2451.78,26,94.30
DM-2955,Dario Medina,2437.41,19,128.28
JF-5295,Jason Fortune-,2433.94,15,162.26
EB-3930,Eric Barreto,2433.52,17,143.15
JM-5250,Janet Martin,2424.20,13,186.48
RL-9615,Rob Lucas,2420.21,15,161.35
EB-4110,Eugene Barchas,2417.76,18,134.32
TR-11325,Toby Ritter,2395.72,18,133.10
NK-8490,Neil Knudson,2395.35,11,217.76
AG-675,Anna Gayman,2368.13,25,94.73
JH-5820,John Huston,2359.01,15,157.27
SK-9990,Sally Knutson,2358.86,14,168.49
TB-11055,Ted Butterfield,2355.14,5,471.03
SS-10410,Shahid Shariari,2348.46,17,138.14
SW-10755,Steven Ward,2346.91,17,138.05
DD-3570,Dorothy Dickinson,2331.41,15,155.43
MR-7545,Mathew Reese,2325.24,20,116.26
SC-10050,Sample Company A,2311.85,21,110.09
EC-4050,Erin Creighton,2301.31,24,95.89
AR-345,Alex Russell,2301.07,16,143.82
AC-615,Ann Chong,2298.43,18,127.69
CS-2400,Christopher Schild,2293.17,9,254.80
DR-2880,Dan Reichenbach,2291.46,17,134.79
DR-2940,Daniel Raglin,2288.40,14,163.46
LO-7170,Lori Olson,2281.18,15,152.08
JE-5745,Joel Eaton,2275.50,17,133.85
CM-2160,Charles McCrossin,2245.92,11,204.17
BM-1785,Bryan Mills,2244.34,16,140.27
AA-315,Alex Avila,2243.25,8,280.41
RM-9375,Raymond Messe,2239.45,14,159.96
AH-585,Angele Hood,2232.23,17,131.31
AZ-750,Annie Zypern,2231.29,26,85.82
JP-5520,Jeremy Pistek,2227.53,10,222.75
KH-6360,Katherine Hughes,2221.37,11,201.94
TC-11535,Tracy Collins,2214.98,10,221.50
DA-3450,Dianna Arnett,2212.05,9,245.78
DB-3660,Duane Benoit,2207.71,7,315.39
SW-10455,Shaun Weien,2205.25,14,157.52
DM-3525,Don Miller,2191.27,14,156.52
KL-6555,Kelly Lampkin,2184.06,24,91.00
MN-7935,Michael Nguyen,2175.32,10,217.53
JB-5400,Jennifer Braxton,2172.03,11,197.46
MP-8175,Mike Pelletier,2169.17,17,127.60
FO-4305,Frank Olsen,2158.45,14,154.18
AB-105,Adrian Barton,2156.40,15,143.76
SR-10740,Steven Roelle,2154.12,12,179.51
BT-1440,Bobby Trafton,2132.57,20,106.63
KM-6375,Katherine Murray,2124.70,11,193.15
TS-11505,Tony Sayre,2123.94,7,303.42
NH-8610,Nicole Hansen,2121.52,9,235.72
KT-6480,Kean Thornton,2119.74,14,151.41
DM-3015,Darrin Martin,2105.79,12,175.48
MG-7695,Maureen Gnade,2104.59,15,140.31
HF-4995,Herbert Flentye,2099.97,18,116.67
DP-3000,Darren Powers,2093.61,15,139.57
ME-7725,Max Engle,2083.88,21,99.23
JH-5985,Joseph Holt,2073.48,17,121.97
DB-3060,Dave Brooks,2070.26,16,129.39
IM-5070,Irene Maddox,2064.06,14,147.43
DH-3075,Dave Hallsten,2063.68,27,76.43
AA-480,Andrew Allen,2063.49,10,206.35
TM-11490,Tony Molinari,2063.03,25,82.52
RA-9945,Ryan Akin,2044.59,15,136.31
AR-570,Anemone Ratner,2044.28,17,120.25
AM-360,Alice McCarthy,2035.83,12,169.65
SC-10770,Stewart Carmichael,2033.21,11,184.84
AR-825,Anthony Rawles,2028.90,13,156.07
NF-8475,Neil Franzšsisch,2019.00,16,126.19
TS-11610,Troy Staebel,2011.14,8,251.39
PF-9165,Philip Fox,2007.64,10,200.76
JL-5850,John Lucas,2003.60,12,166.97
FM-4290,Frank Merwin,2002.71,16,125.17
AS-630,Ann Steele,2000.01,24,83.33
PG-8895,Paul Gonzalez,1981.30,20,99.07
SB-10290,Sean Braxton,1975.40,16,123.46
AA-645,Anna Andreadi,1968.33,18,109.35
RE-9405,Ricardo Emerson,1967.40,15,131.16
TP-11415,Tom Prescott,1950.95,11,177.36
AW-840,Anthony Witt,1947.01,18,108.17
KB-6240,Karen Bern,1945.32,17,114.43
JS-5685,Jim Sink,1944.06,8,243.01
SC-10440,Shaun Chance,1929.07,16,120.57
MA-7995,Michelle Arnett,1928.00,17,113.41
ES-4080,Erin Smith,1925.54,16,120.35
MM-8055,Michelle Moray,1924.91,17,113.23
CS-2250,Chris Selesnick,1917.62,12,159.80
MH-7785,Maya Herman,1914.83,13,147.29
TC-11475,Tony Chapman,1907.75,18,105.99
CM-2115,Chad McGuire,1907.37,5,381.47
SW-10245,Scot Wooten,1901.91,8,237.74
EM-4140,Eugene Moren,1900.79,15,126.72
NR-8550,Nick Radford,1898.49,16,118.66
LB-6735,Larry Blacks,1897.95,11,172.54
CS-2505,Cindy Stewart,1894.50,12,157.88
ES-4020,Erica Smith,1892.78,12,157.73
JJ-5760,Joel Jenkins,1890.12,21,90.01
BD-1320,Bill Donatelli,1885.05,17,110.89
PF-9120,Peter Fuller,1882.95,21,89.66
JB-6000,Joy Bell-,1881.00,16,117.56
NP-8700,Nora Preis,1880.62,17,110.62
TH-11115,Thea Hudgings,1870.17,6,311.70
LW-6990,Lindsay Williams,1869.77,21,89.04
BE-1410,Bobby Elias,1859.86,10,185.99
AG-765,Anthony Garverick,1859.53,14,132.82
BM-1140,Becky Martin,1857.70,11,168.88
TH-11100,Thea Hendricks,1856.19,12,154.68
PG-8820,Patrick Gardner,1846.56,11,167.87
CB-2025,Cassandra Brandow,1840.89,9,204.54
RH-9510,Rick Huthwaite,1837.78,15,122.52
LP-7080,Liz Pelletier,1831.34,13,140.87
GW-4605,Giulietta Weimer,1830.79,14,130.77
LC-6885,Lena Creighton,1828.09,18,101.56
TT-11220,Thomas Thornton,1826.40,12,152.20
GB-4575,Giulietta Baptist,1821.91,13,140.15
CD-1920,Carlos Daly,1821.22,8,227.65
RR-9315,Ralph Ritter,1820.85,10,182.09
AH-690,Anna HŠberlin,1817.90,10,181.79
DN-3690,Duane Noonan,1815.96,20,90.80
TB-11625,Trudy Brown,1810.74,17,106.51
PB-9105,Peter BŸhler,1808.21,12,150.68
EB-3840,Ellis Ballard,1797.74,13,138.29
LB-6795,Laurel Beltran,1796.12,15,119.74
KH-6630,Ken Heidel,1795.86,12,149.66
SC-10230,Scot Coram,1793.91,4,448.48
NS-8640,Noel Staavos,1771.44,18,98.41
AB-60,Adam Bellavance,1770.23,11,160.93
KN-6450,Kean Nguyen,1767.28,12,147.27
BP-1095,Bart Pistole,1759.67,15,117.31
JL-5235,Janet Lee,1751.71,9,194.63
DL-3315,Delfina Latchford,1746.87,11,158.81
PH-8790,Patricia Hirasaki,1746.84,10,174.68
JS-5880,John Stevenson,1745.99,10,174.60
MY-7380,Maribeth Yedwab,1745.58,6,290.93
CM-2445,Chuck Magee,1741.58,9,193.51
NF-8595,Nicole Fjeld,1731.93,8,216.49
BF-975,Barbara Fisher,1730.23,20,86.51
EJ-3720,Ed Jacobs,1727.97,10,172.80
ME-7320,Maria Etezadi,1720.18,15,114.68
RM-9675,Robert Marley,1715.10,11,155.92
JC-5775,John Castell,1712.49,11,155.68
SM-10905,Susan MacKendrick,1711.99,12,142.67
PS-8760,Pamela Stobb,1706.20,8,213.28
BM-1575,Brendan Murry,1703.98,13,131.08
MB-8085,Mick Brown,1703.51,13,131.04
AG-300,Aleksandra Gannaway,1703.32,17,100.20
AF-870,Art Ferguson,1700.08,17,100.00
AG-900,Arthur Gainer,1699.46,10,169.95
BW-1110,Bart Watters,1696.83,15,113.12
KH-6690,Kristen Hastings,1696.01,12,141.33
JO-5280,Jas O'Carroll,1694.85,9,188.32
ML-8040,Michelle Lonsdale,1690.90,10,169.09
AC-420,Alyssa Crouse,1689.67,21,80.46
DO-3645,Doug O'Connell,1689.25,9,187.69
AS-240,Alan Shonely,1686.51,6,281.09
MH-7290,Marc Harrigan,1685.34,7,240.76
BS-1755,Bruce Stewart,1679.77,12,139.98
JR-5700,Jocasta Rupert,1673.16,8,209.15
CS-2490,Cindy Schnelling,1664.13,10,166.41
HK-4890,Heather Kirkland,1656.97,7,236.71
MS-7980,Michael Stewart,1654.64,13,127.28
TT-11460,Tonja Turnell,1649.78,13,126.91
MG-8205,Mitch Gastineau,1648.94,14,117.78
SB-10170,Sarah Bern,1647.24,13,126.71
RC-9960,Ryan Crowe,1639.97,6,273.33
DS-3030,Darrin Sayre,1636.51,7,233.79
TS-11340,Toby Swindell,1631.32,10,163.13
MA-7560,Matt Abelman,1628.17,8,203.52
CS-1860,Cari Schnelling,1618.68,19,85.19
JK-5205,Jamie Kunitz,1617.60,8,202.20
AS-45,Aaron Smayling,1616.33,13,124.33
VP-11760,Victoria Pisteka,1615.66,9,179.52
GH-4410,Gary Hansen,1610.22,11,146.38
CA-2055,Cathy Armstrong,1601.73,12,133.48
CS-1845,Cari Sayre,1593.30,21,75.87
GM-4680,Greg Matthias,1590.40,14,113.60
JG-5160,James Galang,1588.12,18,88.23
DK-3150,David Kendrick,1577.88,19,83.05
KL-6645,Ken Lonsdale,1576.29,15,105.09
TB-11280,Toby Braunhardt,1574.33,15,104.96
JS-6030,Joy Smith,1573.04,7,224.72
TT-11070,Ted Trevino,1572.33,3,524.11
BD-1560,Brendan Dodson,1564.02,6,260.67
SC-10380,Shahid Collister,1556.16,8,194.52
MC-7590,Matt Collister,1554.06,9,172.67
KH-6510,Keith Herrera,1544.34,14,110.31
JM-5865,John Murray,1544.27,13,118.79
FC-4245,Frank Carlisle,1540.64,8,192.58
NM-8520,Neoma Murray,1540.53,6,256.76
BT-1530,Bradley Talbott,1535.78,11,139.62
KT-6465,Kean Takahito,1532.12,13,117.86
EK-3795,Eileen Kiefer,1531.09,14,109.36
MS-7710,Maurice Satty,1529.46,12,127.46
CC-2670,Craig Carreira,1527.58,14,109.11
RS-9765,Roland Schwarz,1524.15,10,152.42
PN-8775,Parhena Norris,1522.11,8,190.26
LW-7215,Luke Weiss,1522.01,6,253.67
DP-3165,David Philippe,1517.95,13,116.77
MF-8250,Monica Federle,1517.55,11,137.96
ON-8715,Odella Nelson,1507.76,11,137.07
NC-8415,Nathan Cano,1503.43,10,150.34
DL-2865,Dan Lawera,1502.96,13,115.61
MT-7815,Meg Tillman,1500.59,12,125.05
HH-5010,Hilary Holden,1497.57,5,299.51
MC-7425,Mark Cousins,1489.84,13,114.60
JF-5490,Jeremy Farry,1487.39,12,123.95
CA-2775,Cynthia Arntzen,1485.88,12,123.82
SW-10275,Scott Williamson,1480.58,10,148.06
SN-10560,Skye Norling,1480.10,18,82.23
AH-120,Adrian Hane,1478.08,8,184.76
HG-5025,Hunter Glantz,1476.61,15,98.44
PF-9225,Phillip Flathmann,1474.28,15,98.29
SC-10695,Steve Chapman,1468.89,11,133.54
GA-4725,Guy Armstrong,1460.80,9,162.31
MS-7530,MaryBeth Skach,1456.82,16,91.05
KD-6495,Keith Dawkins,1454.76,10,145.48
CM-2190,Charlotte Melton,1451.49,7,207.36
PM-8940,Paul MacIntyre,1448.86,14,103.49
CW-1905,Carl Weiss,1436.31,7,205.19
CC-2550,Clay Cheatham,1433.41,12,119.45
PO-8850,Patrick O'Brill,1432.99,5,286.60
CL-2700,Craig Leslie,1432.37,6,238.73
CJ-1875,Carl Jackson,1431.44,14,102.25
BP-1185,Ben Peterman,1430.62,19,75.30
KA-6525,Kelly Andreada,1429.89,11,129.99
PM-9135,Peter McVee,1429.30,11,129.94
SG-10890,Susan Gilcrest,1424.78,11,129.53
DK-3225,Dean Katz,1407.98,11,128.00
AB-165,Alan Barnes,1399.77,8,174.97
RW-9690,Robert Waldorf,1398.99,17,82.29
PS-8970,Paul Stevenson,1395.95,5,279.19
TS-11085,Thais Sissman,1390.68,19,73.19
CM-2655,Corinna Mitchell,1389.84,19,73.15
CD-1980,Carol Darley,1380.23,12,115.02
RR-9525,Rick Reed,1376.92,19,72.47
DP-3390,Dennis Pardue,1376.13,14,98.30
MD-7350,Maribeth Dona,1374.20,10,137.42
SC-10845,Sung Chung,1368.12,5,273.62
CS-2130,Chad Sievert,1367.27,5,273.45
MS-7365,Maribeth Schnelling,1365.54,11,124.14
LT-6765,Larry Tron,1365.33,6,227.56
CR-2730,Craig Reiter,1359.58,19,71.56
SJ-10215,Sarah Jordon,1359.25,14,97.09
JL-5175,James Lanier,1353.09,8,169.14
MM-7920,Michael Moore,1350.03,11,122.73
BE-1455,Brad Eason,1340.31,5,268.06
NP-8325,Naresj Patel,1336.69,11,121.52
SM-10950,Suzanne McNair,1336.31,13,102.79
YS-11880,Yana Sorensen,1328.83,8,166.10
JD-5790,John Dryer,1323.08,11,120.28
BE-1335,Bill Eplett,1321.15,8,165.14
GA-4515,George Ashbrook,1318.39,12,109.87
CS-2355,Christine Sundaresam,1307.17,16,81.70
BT-1305,Beth Thompson,1305.97,18,72.55
AM-705,Anne McFarland,1303.77,8,162.97
DF-3135,David Flashing,1301.65,13,100.13
DJ-3630,Doug Jacobs,1293.95,7,184.85
DK-2895,Dana Kaydos,1292.13,17,76.01
AT-435,Alyssa Tate,1288.00,25,51.52
CV-2295,Christina VanderZanden,1283.24,18,71.29
RP-9270,Rachel Payne,1274.35,16,79.65
VT-11700,Valerie Takahito,1271.45,11,115.59
VM-11835,Vivian Mathis,1270.41,7,181.49
SB-10185,Sarah Brown,1268.44,12,105.70
EB-4170,Evan Bailliet,1267.62,8,158.45
TP-11130,Theone Pippenger,1261.46,9,140.16
MH-8115,Mick Hernandez,1260.70,11,114.61
SV-10365,Seth Vernon,1256.47,12,104.71
VW-11775,Victoria Wilson,1253.17,9,139.24
NC-8535,Nick Crebassa,1250.88,14,89.35
PC-8745,Pamela Coakley,1246.56,10,124.66
MK-7905,Michael Kennedy,1244.94,17,73.23
SW-10350,Sean Wendt,1244.45,16,77.78
DW-3195,David Wiener,1241.23,11,112.84
PW-9240,Pierre Wener,1237.53,13,95.19
CB-2415,Christy Brittain,1232.57,5,246.51
PO-9180,Philisse Overcash,1231.07,21,58.62
VD-11670,Valerie Dominguez,1230.06,18,68.34
FW-4395,Fred Wasserman,1220.81,13,93.91
LC-6870,Lena Cacioppo,1220.45,11,110.95
DW-3540,Don Weiss,1216.60,11,110.60
JK-6090,Juliana Krohn,1215.51,8,151.94
CD-2280,Christina DeMoss,1205.05,14,86.08
JM-6195,Justin MacKendrick,1200.50,10,120.05
HP-4815,Harold Pawlan,1196.69,8,149.59
VG-11805,Vivek Grady,1190.22,7,170.03
CR-2820,Cyra Reiten,1188.01,11,108.00
MH-7620,Matt Hagelstein,1179.67,12,98.31
HW-4935,Helen Wasserman,1174.82,10,117.48
ML-8265,Muhammed Lee,1170.71,12,97.56
KB-6600,Ken Brennan,1167.74,14,83.41
LS-7230,Lycoris Saunders,1164.35,19,61.28
SZ-10035,Sam Zeldin,1164.15,8,145.52
PC-9000,Pauline Chand,1160.43,11,105.49
DL-3330,Denise Leinenbach,1159.35,5,231.87
CC-2145,Charles Crestani,1158.17,13,89.09
SD-10485,Shirley Daniels,1157.35,11,105.21
GT-4635,Grant Thornton,1145.01,9,127.22
MJ-7740,Max Jones,1136.90,7,162.41
VS-11820,Vivek Sundaresam,1136.21,11,103.29
JM-5265,Janet Molinari,1131.91,8,141.49
TS-11160,Theresa Swint,1130.07,15,75.34
HJ-4875,Heather Jas,1121.22,9,124.58
CG-2520,Claire Gute,1116.21,10,111.62
TB-11190,Thomas Brumley,1115.37,8,139.42
BP-1155,Becky Pak,1110.78,11,100.98
ML-7755,Max Ludwig,1108.50,13,85.27
HA-4905,Helen Abelman,1106.60,10,110.66
MH-8025,Michelle Huthwaite,1095.42,10,109.54
KC-6255,Karen Carlisle,1094.37,18,60.80
HE-4800,Harold Engle,1091.32,14,77.95
PR-8880,Patrick Ryan,1085.62,11,98.69
PW-9030,Pauline Webber,1081.00,14,77.21
GT-4710,Greg Tran,1079.07,13,83.01
SG-10080,Sandra Glassco,1078.73,9,119.86
GH-4665,Greg Hansen,1077.08,18,59.84
MW-8235,Mitch Willingham,1070.77,7,152.97
RD-9480,Rick Duston,1061.73,12,88.48
NB-8580,Nicole Brennan,1059.48,14,75.68
JA-5970,Joseph Airdo,1057.22,17,62.19
IL-5100,Ivan Liston,1052.82,16,65.80
LE-6810,Laurel Elliston,1049.52,9,116.61
ML-7395,Marina Lichtenstein,1049.40,13,80.72
HM-4860,Harry Marie,1042.77,6,173.80
CC-2430,Chuck Clark,1041.57,5,208.31
JR-6210,Justin Ritter,1033.29,11,93.94
EM-3810,Eleni McCrary,1032.88,13,79.45
RS-9870,Roy Skaria,1031.44,13,79.34
CD-2790,Cynthia Delaney,1030.79,17,60.63
AC-450,Amy Cox,1026.60,10,102.66
CC-2100,Chad Cunningham,1020.05,8,127.51
JB-5925,Joni Blumstein,1012.09,11,92.01
XP-11865,Xylona Preis,1011.80,6,168.63
LP-7095,Liz Preis,1011.36,9,112.37
EH-3765,Edward Hooks,1010.39,14,72.17
BF-1275,Beth Fritzler,1009.98,12,84.17
AG-495,Andrew Gjertsen,1003.98,16,62.75
GG-4650,Greg Guthrie,1000.42,6,166.74
AP-720,Anne Pryor,999.70,11,90.88
PK-9075,Pete Kriz,992.79,10,99.28
MC-7845,Michael Chen,991.73,7,141.68
LH-7020,Lisa Hazard,973.21,6,162.20
DB-3555,Dorothy Badders,971.11,4,242.78
NS-8505,Neola Schneider,962.87,9,106.99
BS-1365,Bill Shonely,957.63,8,119.70
LS-7245,Lynn Smith,953.15,9,105.91
MV-7485,Mark Van Huff,952.54,6,158.76
CK-2205,Chloris Kastensmidt,950.70,13,73.13
RF-9735,Roland Fjeld,950.13,8,118.77
PK-8910,Paul Knutson,948.45,9,105.38
ST-10530,Shui Tom,943.26,10,94.33
SS-10590,Sonia Sunley,940.38,6,156.73
EB-3750,Edward Becker,939.15,11,85.38
MO-7950,Michael Oakman,933.19,5,186.64
RM-9750,Roland Murray,929.18,9,103.24
AI-855,Arianne Irving,919.98,10,92.00
SC-10095,Sanjit Chand,918.51,16,57.41
JE-5475,Jeremy Ellison,914.18,11,83.11
BF-1170,Ben Ferrer,904.92,8,113.12
SP-10920,Susan Pistek,896.39,8,112.05
KM-6225,Kalyca Meade,891.37,3,297.12
DB-3270,Deborah Brumfield,886.23,10,88.62
JH-5430,Jennifer Halladay,883.48,15,58.90
LW-6825,Laurel Workman,881.75,20,44.09
JM-5580,Jill Matthias,880.33,6,146.72
SA-10830,Sue Ann Reed,872.68,12,72.72
VM-11685,Valerie Mitchum,858.98,14,61.36
TP-11565,Tracy Poddar,857.37,6,142.90
TB-11175,Thomas Boland,850.32,9,94.48
JM-5535,Jessica Myrick,847.81,10,84.78
FM-4380,Fred McMath,843.54,13,64.89
LH-6900,Lena Hernandez,840.79,3,280.26
JG-5310,Jason Gross,836.99,6,139.50
DL-2925,Daniel Lacy,831.98,19,43.79
SO-10335,Sean O'Donnell,831.50,9,92.39
PS-9045,Penelope Sewall,829.36,10,82.94
MC-8130,Mike Caudle,826.35,8,103.29
BB-990,Barry Blumstein,822.29,8,102.79
BS-1590,Brendan Sweed,819.45,8,102.43
FP-4320,Frank Preis,816.58,5,163.32
FA-4230,Frank Atkinson,814.57,6,135.76
KD-6270,Karen Daniels,813.06,2,406.53
MO-7500,Mary O'Rourke,810.87,7,115.84
BT-1680,Brian Thompson,807.36,6,134.56
JS-5595,Jill Stevenson,806.70,14,57.62
PJ-8835,Patrick Jones,801.41,14,57.24
DC-3285,Debra Catini,800.00,6,133.33
GH-4485,Gene Hale,794.62,7,113.52
GM-4695,Greg Maxwell,791.50,11,71.95
VB-11745,Victoria Brennan,783.63,7,111.95
CC-2610,Corey Catlett,782.39,6,130.40
AW-930,Arthur Wiediger,782.06,10,78.21
TD-10995,Tamara Dahlen,780.39,10,78.04
DL-3495,Dionis Lloyd,773.60,10,77.36
SP-10650,Stephanie Phelps,770.90,9,85.66
Co-2640,Corey-Lock,767.64,13,59.05
GK-4620,Grace Kelly,764.60,8,95.58
PL-8925,Paul Lucas,759.21,6,126.54
JE-5610,Jim Epp,756.85,12,63.07
TB-11595,Troy Blackwell,752.07,7,107.44
JW-6075,Julia West,747.21,8,93.40
LH-6750,Larry Hughes,745.65,6,124.28
TZ-11445,Tom Zandusky,745.14,10,74.51
GM-4440,Gary McGarr,735.22,11,66.84
EN-3780,Edward Nazzal,734.86,12,61.24
BF-1005,Barry Franz,732.03,5,146.41
TC-11295,Toby Carlisle,730.91,7,104.42
LS-6975,Lindsay Shagiari,716.19,11,65.11
TG-11310,Toby Gnade,714.42,4,178.61
CS-1950,Carlos Soltero,714.07,6,119.01
SN-10710,Steve Nguyen,702.24,6,117.04
GD-4590,Giulietta Dortch,700.69,7,100.10
MC-7635,Matthew Clasen,695.29,12,57.94
BG-1740,Bruce Geld,692.45,13,53.27
BD-1605,Brian Dahlen,689.64,6,114.94
BV-1245,Benjamin Venier,684.26,8,85.53
AD-180,Alan Dominguez,681.27,8,85.16
EH-3990,Erica Hackney,672.49,11,61.14
DB-3120,David Bremer,671.23,6,111.87
HA-4920,Helen Andreada,670.67,9,74.52
CK-2595,Clytie Kelty,662.28,8,82.79
MC-8100,Mick Crebagga,659.34,4,164.84
SH-10635,Stefanie Holloman,658.98,8,82.37
AA-375,Allen Armold,654.49,13,50.35
AH-465,Amy Hunt,650.83,7,92.98
TS-11205,Thomas Seio,641.65,4,160.41
CA-2310,Christine Abelman,636.06,7,90.87
KE-6420,Katrina Edelman,622.45,6,103.74
BO-1350,Bill Overfelt,616.25,13,47.40
SE-10110,Sanjit Engle,613.71,7,87.67
Dp-3240,Dean percer,609.30,9,67.70
JC-5340,Jasper Cacioppo,606.11,11,55.10
VF-11715,Vicky Freymann,602.35,8,75.29
RB-9570,Rob Beeghly,586.77,12,48.90
CM-2385,Christopher Martinez,580.61,5,116.12
HL-5040,Hunter Lopez,579.34,6,96.56
RF-9840,Roy Franzšsisch,571.71,12,47.64
AR-405,Allen Rosenblatt,571.11,7,81.59
MP-7965,Michael Paige,567.09,10,56.71
AR-540,Andy Reiter,561.59,13,43.20
CL-1890,Carl Ludwig,560.75,12,46.73
RW-9630,Rob Williams,560.01,3,186.67
LF-7185,Luke Foster,556.52,6,92.75
SS-10875,Sung Shariari,556.32,5,111.26
FC-4335,Fred Chung,550.95,9,61.22
DB-3405,Denny Blanton,548.68,2,274.34
MS-7770,Maxwell Schwartz,538.56,7,76.94
KD-6345,Katherine Ducich,536.46,7,76.64
AG-330,Alex Grayson,532.54,10,53.25
GB-4530,George Bell,525.90,8,65.74
ED-3885,Emily Ducich,525.48,14,37.53
RK-9300,Ralph Kennedy,519.12,9,57.68
CG-2040,Catherine Glotzbach,518.94,7,74.13
DB-2970,Darren Budd,513.03,8,64.13
KC-6540,Kelly Collister,505.89,9,56.21
SP-10860,Sung Pak,503.50,4,125.88
RA-9885,Ruben Ausman,503.26,12,41.94
BG-1695,Brooke Gillingham,488.86,10,48.89
GM-4455,Gary Mitchum,488.43,7,69.78
EP-3915,Emily Phan,487.95,7,69.71
SV-10935,Susan Vittorini,487.75,7,69.68
AO-810,Anthony O'Donnell,485.01,7,69.29
SC-10020,Sam Craven,476.33,9,52.93
AG-390,Allen Goldenen,473.11,10,47.31
AS-225,Alan Schoenberger,469.51,11,42.68
BS-1380,Bill Stewart,469.46,7,67.07
LR-6915,Lena Radford,468.66,9,52.07
DW-3585,Dorothy Wardle,461.87,5,92.37
CM-1935,Carlos Meador,459.30,8,57.41
SJ-10500,Shirley Jackson,454.07,3,151.36
TS-11655,Trudy Schmidt,452.88,7,64.70
BT-1395,Bill Tyler,448.84,6,74.81
NC-8625,Noah Childs,442.32,3,147.44
TB-11355,Todd Boyes,438.15,14,31.30
AS-90,Adam Shillingsburg,435.20,7,62.17
NB-8655,Nona Balk,434.62,9,48.29
VP-11730,Victor Preis,432.01,9,48.00
CM-1815,Candace McMahon,431.87,6,71.98
JK-5640,Jim Kriz,428.43,6,71.41
KW-6435,Katrina Willman,427.29,11,38.84
SS-10515,Shirley Schmidt,424.53,5,84.91
CT-1995,Carol Triggs,422.78,3,140.93
RA-9915,Russell Applegate,420.66,5,84.13
DJ-3420,Denny Joy,419.64,5,83.93
SP-10545,Sibella Parks,418.32,4,104.58
RB-9360,Raymond Buch,404.51,6,67.42
AT-735,Annie Thurman,403.65,6,67.28
TZ-11580,Tracy Zic,403.01,7,57.57
BF-1215,Benjamin Farhat,398.91,8,49.86
BC-1125,Becky Castell,396.03,14,28.29
HR-4830,Harold Ryan,391.93,5,78.39
KC-6675,Kimberly Carter,391.84,4,97.96
QJ-9255,Quincy Jones,387.05,9,43.01
DB-3210,Dean Braden,387.03,11,35.18
VG-11790,Vivek Gonzalez,386.17,7,55.17
RS-9420,Ricardo Sperren,385.44,10,38.54
BP-1290,Beth Paige,383.34,5,76.67
EM-3825,Elizabeth Moffitt,378.25,13,29.10
LD-7005,Lisa DeCherney,361.69,9,40.19
PP-8955,Paul Prost,359.06,7,51.29
AF-885,Art Foster,354.99,6,59.17
HG-4965,Henry Goldwyn,354.59,8,44.32
LS-7200,Luke Schmidt,340.66,4,85.17
NZ-8565,Nick Zandusky,328.59,6,54.77
SC-10575,Sonia Cooley,328.02,3,109.34
TW-11025,Tamara Willingham,323.12,12,26.93
KN-6390,Katherine Nockton,318.72,4,79.68
FG-4260,Frank Gastineau,308.21,11,28.02
JW-5955,Joni Wasserman,307.80,4,76.95
MG-7650,Matthew Grinstein,301.71,1,301.71
TM-11010,Tamara Manning,300.67,4,75.17
SP-10620,Stefania Perrino,299.56,6,49.93
CY-2745,Craig Yedwab,293.03,6,48.84
BK-1260,Berenike Kampe,291.56,7,41.65
TH-11550,Tracy Hopkins,283.83,8,35.48
RB-9645,Robert Barroso,282.59,3,94.20
SR-10425,Sharelle Roach,281.20,7,40.17
DK-3090,Dave Kipp,273.77,3,91.26
OT-8730,Olvera Toch,265.05,5,53.01
RB-9795,Ross Baird,255.29,5,51.06
NL-8310,Nancy Lomonaco,251.33,4,62.83
CM-2235,Chris McAfee,243.03,7,34.72
KB-6405,Katrina Bavinger,238.55,5,47.71
CJ-2010,Caroline Jumper,223.56,4,55.89
KS-6300,Karen Seio,221.61,4,55.40
KB-6585,Ken Black,216.78,2,108.39
MC-7605,Matt Connell,208.41,4,52.10
JG-5805,John Grady,208.37,5,41.67
BB-1545,Brenda Bowman,207.23,6,34.54
KD-6615,Ken Dana,205.98,3,68.66
JK-5325,Jason Klamczynski,203.39,4,50.85
ML-7410,Maris LaWare,193.14,5,38.63
KM-6660,Khloe Miller,188.54,5,37.71
TN-11040,Tanja Norvell,187.35,3,62.45
DS-3180,David Smith,185.14,6,30.86
EB-3870,Emily Burns,184.87,6,30.81
WB-11850,William Brown,182.53,5,36.51
JE-5715,Joe Elijah,180.30,8,22.54
YC-11895,Yoseph Carroll,166.30,5,33.26
MF-7665,Maureen Fritzler,161.91,3,53.97
ME-8010,Michelle Ellison,160.50,1,160.50
CB-2535,Claudia Bergmann,147.12,6,24.52
EA-4035,Erin Ashbrook,131.81,3,43.94
SH-10395,Shahid Hopkins,129.03,6,21.51
BG-1035,Barry Gonzalez,124.42,1,124.42
FH-4275,Frank Hawley,113.07,5,22.61
FH-4350,Fred Harton,110.48,3,36.83
SC-10800,Stuart Calhoun,89.29,3,29.76
DK-2985,Darren Koutras,81.43,1,81.43
MG-7875,Michael Grace,80.19,2,40.10
MP-7470,Mark Packer,58.11,3,19.37
BD-1500,Bradley Drucker,52.05,3,17.35
RC-9825,Roy Collins,37.44,1,37.44
MG-7890,Michael Granlund,19.13,1,19.13
ZC-11910,Zuschuss Carroll,7.17,1,7.17
